Id,Type,Fsm,Holy,Star,Hp,AtkMin,AtkMax,CriRate,CriAtk,Pen,AtkAdd,DmgReductionFree,PowerLight,PowerLightDef,PowerDark,PowerDarkDef,PowerFire,PowerFireDef,PowerSea,PowerSeaDef,PowerAgility,Def,AtkSpeed,DelayBeforeAtk,DelayAfterAtk,GoldMin,GoldMax,ExpMin,ExpMax,AffectId,DropRewardId
1,5,0,0,1,50,1,5,10,5,0,0,0,0,0,0,0,0,0,0,0,0,2,10,1,2000,100,500,100,500,,
2,5,1,0,1,100,1,5,10,5,0,0,0,0,0,0,0,0,0,0,0,0,2,100,1,2000,100,500,100,500,,
3,5,2,0,1,150,1,5,10,5,0,0,0,0,0,0,0,0,0,0,0,0,2,100,1,2000,100,500,100,500,,
4,5,3,0,1,200,1,5,10,5,0,0,0,0,0,0,0,0,0,0,0,0,2,100,1,2000,100,500,100,500,,
5,5,0,0,1,250,1,5,10,5,1,1,0,0,0,0,0,0,0,0,0,0,2,100,1,2000,100,500,100,500,,
6,5,1,0,1,300,1,5,10,5,1,1,0,0,0,0,0,0,0,0,0,0,2,100,1,2000,100,500,100,500,,
7,5,2,0,1,350,1,5,10,5,1,1,0,0,0,0,0,0,0,0,0,0,2,100,1,2000,100,500,100,500,,
8,5,3,0,1,400,1,5,10,5,1,1,0,0,0,0,0,0,0,0,0,0,2,100,1,2000,100,500,100,500,,
9,5,0,0,1,450,1,5,10,5,1,1,0,0,0,0,0,0,0,0,0,0,2,100,1,2000,100,500,100,500,,
10,5,1,0,1,500,1,5,10,5,1,1,0,0,0,0,0,0,0,0,0,0,2,100,1,2000,100,500,100,500,,
11,5,0,0,1,550,1,5,10,5,1,1,0,0,0,0,0,0,0,0,0,0,2,100,1,2000,100,500,100,500,,
12,5,1,0,1,600,1,5,10,5,1,1,0,0,0,0,0,0,0,0,0,0,2,100,1,2000,100,500,100,500,,
13,5,0,0,1,650,1,5,10,5,1,1,0,0,0,0,0,0,0,0,0,0,2,100,1,2000,100,500,100,500,,
14,5,1,0,1,700,1,5,10,5,1,1,0,0,0,0,0,0,0,0,0,0,2,100,1,2000,100,500,100,500,,
15,5,0,0,1,750,1,5,10,5,2,2,0,0,0,0,0,0,0,0,0,0,2,100,1,2000,100,500,100,500,,
16,5,1,0,1,800,1,5,10,5,2,2,0,0,0,0,0,0,0,0,0,0,2,100,1,2000,100,500,100,500,,
17,5,0,0,1,850,1,5,10,5,2,2,0,0,0,0,0,0,0,0,0,0,2,100,1,2000,100,500,100,500,,
18,5,1,0,1,900,1,5,10,5,2,2,0,0,0,0,0,0,0,0,0,0,2,100,1,2000,100,500,100,500,,
19,5,0,0,1,950,1,5,10,5,2,2,0,0,0,0,0,0,0,0,0,0,2,100,1,2000,100,500,100,500,,
20,5,1,0,1,1000,1,5,10,5,2,2,0,0,0,0,0,0,0,0,0,0,2,100,1,2000,100,500,100,500,,
21,5,0,0,1,1050,1,5,10,5,2,2,0,0,0,0,0,0,0,0,0,0,2,100,1,2000,100,500,100,500,,
22,5,1,0,1,1100,1,5,10,5,2,2,0,0,0,0,0,0,0,0,0,0,2,100,1,2000,100,500,100,500,,
23,5,0,0,1,1150,1,5,10,5,2,2,0,0,0,0,0,0,0,0,0,0,2,100,1,2000,100,500,100,500,,
24,5,1,0,1,1200,1,5,10,5,2,2,0,0,0,0,0,0,0,0,0,0,2,100,1,2000,100,500,100,500,,
25,5,0,0,1,1250,1,5,10,5,3,3,0,0,0,0,0,0,0,0,0,0,2,100,1,2000,100,500,100,500,,
26,5,1,0,1,1300,1,5,10,5,3,3,0,0,0,0,0,0,0,0,0,0,2,100,1,2000,100,500,100,500,,
27,5,0,0,1,1350,1,5,10,5,3,3,0,0,0,0,0,0,0,0,0,0,2,100,1,2000,100,500,100,500,,
28,5,1,0,1,1400,1,5,10,5,3,3,0,0,0,0,0,0,0,0,0,0,2,100,1,2000,100,500,100,500,,
29,5,0,0,1,1450,1,5,10,5,3,3,0,0,0,0,0,0,0,0,0,0,2,100,1,2000,100,500,100,500,,
30,5,1,0,1,1500,1,5,10,5,3,3,0,0,0,0,0,0,0,0,0,0,2,100,1,2000,100,500,100,500,,
31,5,0,0,1,1550,1,5,10,5,3,3,0,0,0,0,0,0,0,0,0,0,2,100,1,2000,100,500,100,500,,
32,5,1,0,1,1600,1,5,10,5,3,3,0,0,0,0,0,0,0,0,0,0,2,100,1,2000,100,500,100,500,,
33,5,0,0,1,1650,1,5,10,5,3,3,0,0,0,0,0,0,0,0,0,0,2,100,1,2000,100,500,100,500,,
34,5,1,0,1,1700,1,5,10,5,3,3,0,0,0,0,0,0,0,0,0,0,2,100,1,2000,100,500,100,500,,
35,5,0,0,1,1750,1,5,10,5,4,4,0,0,0,0,0,0,0,0,0,0,2,100,1,2000,100,500,100,500,,
36,5,1,0,1,1800,1,5,10,5,4,4,0,0,0,0,0,0,0,0,0,0,2,100,1,2000,100,500,100,500,,
37,5,0,0,1,1850,1,5,10,5,4,4,0,0,0,0,0,0,0,0,0,0,2,100,1,2000,100,500,100,500,,
38,5,1,0,1,1900,1,5,10,5,4,4,0,0,0,0,0,0,0,0,0,0,2,100,1,2000,100,500,100,500,,
39,5,0,0,1,1950,1,5,10,5,4,4,0,0,0,0,0,0,0,0,0,0,2,100,1,2000,100,500,100,500,,
40,5,1,0,1,2000,1,5,10,5,4,4,0,0,0,0,0,0,0,0,0,0,2,100,1,2000,100,500,100,500,,
41,5,2,0,1,2050,1,5,10,5,4,4,0,0,0,0,0,0,0,0,0,0,2,100,1,2000,100,500,100,500,,
42,5,0,0,1,2100,1,5,10,5,4,4,0,0,0,0,0,0,0,0,0,0,2,100,1,2000,100,500,100,500,,
43,5,1,0,1,2150,1,5,10,5,4,4,0,0,0,0,0,0,0,0,0,0,2,100,1,2000,100,500,100,500,,
44,5,2,0,1,2200,1,5,10,5,4,4,0,0,0,0,0,0,0,0,0,0,2,100,1,2000,100,500,100,500,,
45,5,0,0,1,2250,1,5,10,5,5,5,0,0,0,0,0,0,0,0,0,0,2,100,1,2000,100,500,100,500,,
46,5,1,0,1,2300,1,5,10,5,5,5,0,0,0,0,0,0,0,0,0,0,2,100,1,2000,100,500,100,500,,
47,5,2,0,1,2350,1,5,10,5,5,5,0,0,0,0,0,0,0,0,0,0,2,100,1,2000,100,500,100,500,,
48,5,0,0,1,2400,1,5,10,5,5,5,0,0,0,0,0,0,0,0,0,0,2,100,1,2000,100,500,100,500,,
49,5,1,0,1,2450,1,5,10,5,5,5,0,0,0,0,0,0,0,0,0,0,2,100,1,2000,100,500,100,500,,
50,5,2,0,1,2500,1,5,10,5,5,5,0,0,0,0,0,0,0,0,0,0,2,100,1,2000,100,500,100,500,,
51,5,0,0,1,2550,1,5,10,5,5,5,0,0,0,0,0,0,0,0,0,0,2,100,1,2000,100,500,100,500,,
52,5,1,0,1,2600,1,5,10,5,5,5,0,0,0,0,0,0,0,0,0,0,2,100,1,2000,100,500,100,500,,
53,5,2,0,1,2650,1,5,10,5,5,5,0,0,0,0,0,0,0,0,0,0,2,100,1,2000,100,500,100,500,,
54,5,0,0,1,2700,1,5,10,5,5,5,0,0,0,0,0,0,0,0,0,0,2,100,1,2000,100,500,100,500,,
55,5,1,0,1,2750,1,5,10,5,6,6,0,0,0,0,0,0,0,0,0,0,2,100,1,2000,100,500,100,500,,
56,5,2,0,1,2800,1,5,10,5,6,6,0,0,0,0,0,0,0,0,0,0,2,100,1,2000,100,500,100,500,,
57,5,0,0,1,2850,1,5,10,5,6,6,0,0,0,0,0,0,0,0,0,0,2,100,1,2000,100,500,100,500,,
58,5,1,0,1,2900,1,5,10,5,6,6,0,0,0,0,0,0,0,0,0,0,2,100,1,2000,100,500,100,500,,
59,5,2,0,1,2950,1,5,10,5,6,6,0,0,0,0,0,0,0,0,0,0,2,100,1,2000,100,500,100,500,,
60,5,0,0,1,3000,1,5,10,5,6,6,0,0,0,0,0,0,0,0,0,0,2,100,1,2000,100,500,100,500,,
61,5,1,0,1,3050,1,5,10,5,6,6,0,0,0,0,0,0,0,0,0,0,2,100,1,2000,100,500,100,500,,
62,5,0,0,1,3100,1,5,10,5,6,6,0,0,0,0,0,0,0,0,0,0,2,100,1,2000,100,500,100,500,,
63,5,1,0,1,3150,1,5,10,5,6,6,0,0,0,0,0,0,0,0,0,0,2,100,1,2000,100,500,100,500,,
64,5,0,0,1,3200,1,5,10,5,6,6,0,0,0,0,0,0,0,0,0,0,2,100,1,2000,100,500,100,500,,
65,5,1,0,1,3250,1,5,10,5,7,7,0,0,0,0,0,0,0,0,0,0,2,100,1,2000,100,500,100,500,,
66,5,0,0,1,3300,1,5,10,5,7,7,0,0,0,0,0,0,0,0,0,0,2,100,1,2000,100,500,100,500,,
67,5,1,0,1,3350,1,5,10,5,7,7,0,0,0,0,0,0,0,0,0,0,2,100,1,2000,100,500,100,500,,
68,5,0,0,1,3400,1,5,10,5,7,7,0,0,0,0,0,0,0,0,0,0,2,100,1,2000,100,500,100,500,,
69,5,1,0,1,3450,1,5,10,5,7,7,0,0,0,0,0,0,0,0,0,0,2,100,1,2000,100,500,100,500,,
70,5,2,0,1,3500,1,5,10,5,7,7,0,0,0,0,0,0,0,0,0,0,2,100,1,2000,100,500,100,500,,
71,5,0,0,1,3550,1,5,10,5,7,7,0,0,0,0,0,0,0,0,0,0,2,100,1,2000,100,500,100,500,,
72,5,1,0,1,3600,1,5,10,5,7,7,0,0,0,0,0,0,0,0,0,0,2,100,1,2000,100,500,100,500,,
73,5,2,0,1,3650,1,5,10,5,7,7,0,0,0,0,0,0,0,0,0,0,2,100,1,2000,100,500,100,500,,
74,5,0,0,1,3700,1,5,10,5,7,7,0,0,0,0,0,0,0,0,0,0,2,100,1,2000,100,500,100,500,,
75,5,1,0,1,3750,1,5,10,5,8,8,0,0,0,0,0,0,0,0,0,0,2,100,1,2000,100,500,100,500,,
76,5,2,0,1,3800,1,5,10,5,8,8,0,0,0,0,0,0,0,0,0,0,2,100,1,2000,100,500,100,500,,
77,5,0,0,1,3850,1,5,10,5,8,8,0,0,0,0,0,0,0,0,0,0,2,100,1,2000,100,500,100,500,,
78,5,1,0,1,3900,1,5,10,5,8,8,0,0,0,0,0,0,0,0,0,0,2,100,1,2000,100,500,100,500,,
79,5,2,0,1,3950,1,5,10,5,8,8,0,0,0,0,0,0,0,0,0,0,2,100,1,2000,100,500,100,500,,
80,5,0,0,1,4000,1,5,10,5,8,8,0,0,0,0,0,0,0,0,0,0,2,100,1,2000,100,500,100,500,,
81,5,1,0,1,4050,1,5,10,5,8,8,0,0,0,0,0,0,0,0,0,0,2,100,1,2000,100,500,100,500,,
82,5,2,0,1,4100,1,5,10,5,8,8,0,0,0,0,0,0,0,0,0,0,2,100,1,2000,100,500,100,500,,
83,5,0,0,1,4150,1,5,10,5,8,8,0,0,0,0,0,0,0,0,0,0,2,100,1,2000,100,500,100,500,,
84,5,0,0,1,4200,1,5,10,5,8,8,0,0,0,0,0,0,0,0,0,0,2,100,1,2000,100,500,100,500,,
85,6,0,0,1,4250,1,5,10,5,9,9,0,0,0,0,0,0,0,0,0,0,3,100,1,2000,100,500,100,500,,
86,6,0,0,1,4300,1,5,10,5,9,9,0,0,0,0,0,0,0,0,0,0,3,100,1,2000,100,500,100,500,,
87,6,0,0,1,4350,1,5,10,5,9,9,0,0,0,0,0,0,0,0,0,0,3,100,1,2000,100,500,100,500,,
88,6,0,0,1,4400,1,5,10,5,9,9,0,0,0,0,0,0,0,0,0,0,3,100,1,2000,100,500,100,500,,
89,6,0,0,1,4450,1,5,10,5,9,9,0,0,0,0,0,0,0,0,0,0,3,100,1,2000,100,500,100,500,,
90,6,0,0,1,4500,1,5,10,5,9,9,0,0,0,0,0,0,0,0,0,0,3,100,1,2000,100,500,100,500,,
91,6,0,0,1,4550,1,5,10,5,9,9,0,0,0,0,0,0,0,0,0,0,3,100,1,2000,100,500,100,500,,
92,6,0,0,1,4600,1,5,10,5,9,9,0,0,0,0,0,0,0,0,0,0,3,100,1,2000,100,500,100,500,,
93,6,0,0,1,4650,1,5,10,5,9,9,0,0,0,0,0,0,0,0,0,0,3,100,1,2000,100,500,100,500,,
94,6,1,0,1,4700,1,5,10,5,9,9,0,0,0,0,0,0,0,0,0,0,3,100,1,2000,100,500,100,500,,
95,6,2,0,1,4750,1,5,10,5,10,10,0,0,0,0,0,0,0,0,0,0,3,100,1,2000,100,500,100,500,,
96,6,0,0,1,4800,1,5,10,5,10,10,0,0,0,0,0,0,0,0,0,0,3,100,1,2000,100,500,100,500,,
97,6,1,0,1,4850,1,5,10,5,10,10,0,0,0,0,0,0,0,0,0,0,3,100,1,2000,100,500,100,500,,
98,6,2,0,1,4900,1,5,10,5,10,10,0,0,0,0,0,0,0,0,0,0,3,100,1,2000,100,500,100,500,,
99,6,0,0,1,4950,1,5,10,5,10,10,0,0,0,0,0,0,0,0,0,0,3,100,1,2000,100,500,100,500,,
100,6,1,0,1,5000,1,5,10,5,10,10,0,0,0,0,0,0,0,0,0,0,3,100,1,2000,100,500,100,500,,
101,6,2,0,1,5050,1,5,10,5,10,10,0,0,0,0,0,0,0,0,0,0,3,100,1,2000,100,500,100,500,,
102,6,0,0,1,5100,1,5,10,5,10,10,0,0,0,0,0,0,0,0,0,0,3,100,1,2000,100,500,100,500,,
103,6,1,0,1,5150,1,5,10,5,10,10,0,0,0,0,0,0,0,0,0,0,3,100,1,2000,100,500,100,500,,
104,6,2,0,1,5200,1,5,10,5,10,10,0,0,0,0,0,0,0,0,0,0,3,100,1,2000,100,500,100,500,,
105,6,0,0,1,5250,1,5,10,5,11,11,0,0,0,0,0,0,0,0,0,0,3,100,1,2000,100,500,100,500,,
106,6,1,0,1,5300,1,5,10,5,11,11,0,0,0,0,0,0,0,0,0,0,3,100,1,2000,100,500,100,500,,
107,6,0,0,1,5350,1,5,10,5,11,11,0,0,0,0,0,0,0,0,0,0,3,100,1,2000,100,500,100,500,,
108,6,1,0,1,5400,1,5,10,5,11,11,0,0,0,0,0,0,0,0,0,0,3,100,1,2000,100,500,100,500,,
109,6,0,0,1,5450,1,5,10,5,11,11,0,0,0,0,0,0,0,0,0,0,3,100,1,2000,100,500,100,500,,
110,6,1,0,1,5500,1,5,10,5,11,11,0,0,0,0,0,0,0,0,0,0,3,100,1,2000,100,500,100,500,,
111,6,0,0,1,5550,1,5,10,5,11,11,0,0,0,0,0,0,0,0,0,0,3,100,1,2000,100,500,100,500,,
112,6,1,0,1,5600,1,5,10,5,11,11,0,0,0,0,0,0,0,0,0,0,3,100,1,2000,100,500,100,500,,
113,6,2,0,1,5650,1,5,10,5,11,11,0,0,0,0,0,0,0,0,0,0,3,100,1,2000,100,500,100,500,,
114,6,0,0,1,5700,1,5,10,5,11,11,0,0,0,0,0,0,0,0,0,0,3,100,1,2000,100,500,100,500,,
115,6,1,0,1,5750,1,5,10,5,12,12,0,0,0,0,0,0,0,0,0,0,3,100,1,2000,100,500,100,500,,
116,6,2,0,1,5800,1,5,10,5,12,12,0,0,0,0,0,0,0,0,0,0,3,100,1,2000,100,500,100,500,,
117,6,0,0,1,5850,1,5,10,5,12,12,0,0,0,0,0,0,0,0,0,0,3,100,1,2000,100,500,100,500,,
118,6,1,0,1,5900,1,5,10,5,12,12,0,0,0,0,0,0,0,0,0,0,3,100,1,2000,100,500,100,500,,
119,6,2,0,1,5950,1,5,10,5,12,12,0,0,0,0,0,0,0,0,0,0,3,100,1,2000,100,500,100,500,,
120,6,0,0,1,6000,1,5,10,5,12,12,0,0,0,0,0,0,0,0,0,0,3,100,1,2000,100,500,100,500,,
121,6,1,0,1,6050,1,5,10,5,12,12,0,0,0,0,0,0,0,0,0,0,3,100,1,2000,100,500,100,500,,
122,6,2,0,1,6100,1,5,10,5,12,12,0,0,0,0,0,0,0,0,0,0,3,100,1,2000,100,500,100,500,,
123,6,0,0,1,6150,1,5,10,5,12,12,0,0,0,0,0,0,0,0,0,0,3,100,1,2000,100,500,100,500,,
124,6,1,0,1,6200,1,5,10,5,12,12,0,0,0,0,0,0,0,0,0,0,3,100,1,2000,100,500,100,500,,
125,6,0,0,1,6250,1,5,10,5,13,13,0,0,0,0,0,0,0,0,0,0,3,100,1,2000,100,500,100,500,,
126,6,1,0,1,6300,1,5,10,5,13,13,0,0,0,0,0,0,0,0,0,0,3,100,1,2000,100,500,100,500,,
127,6,0,0,1,6350,1,5,10,5,13,13,0,0,0,0,0,0,0,0,0,0,3,100,1,2000,100,500,100,500,,
128,6,1,0,1,6400,1,5,10,5,13,13,0,0,0,0,0,0,0,0,0,0,3,100,1,2000,100,500,100,500,,
129,6,2,0,1,6450,1,5,10,5,13,13,0,0,0,0,0,0,0,0,0,0,3,100,1,2000,100,500,100,500,,
130,6,0,0,1,6500,1,5,10,5,13,13,0,0,0,0,0,0,0,0,0,0,3,100,1,2000,100,500,100,500,,
131,6,0,0,1,6550,1,5,10,5,13,13,0,0,0,0,0,0,0,0,0,0,3,100,1,2000,100,500,100,500,,
132,6,0,0,1,6600,1,5,10,5,13,13,0,0,0,0,0,0,0,0,0,0,3,100,1,2000,100,500,100,500,,
133,6,0,0,1,6650,1,5,10,5,13,13,0,0,0,0,0,0,0,0,0,0,3,100,1,2000,100,500,100,500,,
134,6,0,0,1,6700,1,5,10,5,13,13,0,0,0,0,0,0,0,0,0,0,3,100,1,2000,100,500,100,500,,
135,6,0,0,1,6750,1,5,10,5,14,14,0,0,0,0,0,0,0,0,0,0,3,100,1,2000,100,500,100,500,,
136,6,1,0,1,6800,1,5,10,5,14,14,0,0,0,0,0,0,0,0,0,0,3,100,1,2000,100,500,100,500,,
137,6,0,0,1,6850,1,5,10,5,14,14,0,0,0,0,0,0,0,0,0,0,3,100,1,2000,100,500,100,500,,
138,6,1,0,1,6900,1,5,10,5,14,14,0,0,0,0,0,0,0,0,0,0,3,100,1,2000,100,500,100,500,,
139,6,0,0,1,6950,1,5,10,5,14,14,0,0,0,0,0,0,0,0,0,0,3,100,1,2000,100,500,100,500,,
140,6,1,0,1,7000,1,5,10,5,14,14,0,0,0,0,0,0,0,0,0,0,3,100,1,2000,100,500,100,500,,
141,6,0,0,1,7050,1,5,10,5,14,14,0,0,0,0,0,0,0,0,0,0,3,100,1,2000,100,500,100,500,,
142,6,1,0,1,7100,1,5,10,5,14,14,0,0,0,0,0,0,0,0,0,0,3,100,1,2000,100,500,100,500,,
143,6,0,0,1,7150,1,5,10,5,14,14,0,0,0,0,0,0,0,0,0,0,3,100,1,2000,100,500,100,500,,
144,6,1,0,1,7200,1,5,10,5,14,14,0,0,0,0,0,0,0,0,0,0,3,100,1,2000,100,500,100,500,,
145,6,0,0,1,7250,1,5,10,5,15,15,0,0,0,0,0,0,0,0,0,0,3,100,1,2000,100,500,100,500,,
146,6,1,0,1,7300,1,5,10,5,15,15,0,0,0,0,0,0,0,0,0,0,3,100,1,2000,100,500,100,500,,
147,6,0,0,1,7350,1,5,10,5,15,15,0,0,0,0,0,0,0,0,0,0,3,100,1,2000,100,500,100,500,,
148,6,1,0,1,7400,1,5,10,5,15,15,0,0,0,0,0,0,0,0,0,0,3,100,1,2000,100,500,100,500,,
149,6,0,0,1,7450,1,5,10,5,15,15,0,0,0,0,0,0,0,0,0,0,3,100,1,2000,100,500,100,500,,
150,6,1,0,1,7500,1,5,10,5,15,15,0,0,0,0,0,0,0,0,0,0,3,100,1,2000,100,500,100,500,,
151,6,0,0,1,7550,1,5,10,5,15,15,0,0,0,0,0,0,0,0,0,0,3,100,1,2000,100,500,100,500,,
152,6,1,0,1,7600,1,5,10,5,15,15,0,0,0,0,0,0,0,0,0,0,3,100,1,2000,100,500,100,500,,
153,6,0,0,1,7650,1,5,10,5,15,15,0,0,0,0,0,0,0,0,0,0,3,100,1,2000,100,500,100,500,,
154,6,1,0,1,7700,1,5,10,5,15,15,0,0,0,0,0,0,0,0,0,0,3,100,1,2000,100,500,100,500,,
155,6,0,0,1,7750,1,5,10,5,16,16,0,0,0,0,0,0,0,0,0,0,3,100,1,2000,100,500,100,500,,
156,6,1,0,1,7800,1,5,10,5,16,16,0,0,0,0,0,0,0,0,0,0,3,100,1,2000,100,500,100,500,,
157,7,0,0,1,7850,1,5,10,5,16,16,0,0,0,0,0,0,0,0,0,0,3,100,1,2000,100,500,100,500,,
158,7,1,0,1,7900,1,5,10,5,16,16,0,0,0,0,0,0,0,0,0,0,3,100,1,2000,100,500,100,500,,
159,7,0,0,1,7950,1,5,10,5,16,16,0,0,0,0,0,0,0,0,0,0,3,100,1,2000,100,500,100,500,,
160,7,1,0,1,8000,1,5,10,5,16,16,0,0,0,0,0,0,0,0,0,0,3,100,1,2000,100,500,100,500,,
161,7,0,0,1,8050,1,5,10,5,16,16,0,0,0,0,0,0,0,0,0,0,3,100,1,2000,100,500,100,500,,
162,7,1,0,1,8100,1,5,10,5,16,16,0,0,0,0,0,0,0,0,0,0,3,100,1,2000,100,500,100,500,,
163,7,0,0,1,8150,1,5,10,5,16,16,0,0,0,0,0,0,0,0,0,0,3,100,1,2000,100,500,100,500,,
164,7,1,0,1,8200,1,5,10,5,16,16,0,0,0,0,0,0,0,0,0,0,3,100,1,2000,100,500,100,500,,
165,7,0,0,1,8250,1,5,10,5,17,17,0,0,0,0,0,0,0,0,0,0,3,100,1,2000,100,500,100,500,,
166,7,1,0,1,8300,1,5,10,5,17,17,0,0,0,0,0,0,0,0,0,0,3,100,1,2000,100,500,100,500,,
167,7,0,0,1,8350,1,5,10,5,17,17,0,0,0,0,0,0,0,0,0,0,3,100,1,2000,100,500,100,500,,
168,7,1,0,1,8400,1,5,10,5,17,17,0,0,0,0,0,0,0,0,0,0,3,100,1,2000,100,500,100,500,,
169,7,0,0,1,8450,1,5,10,5,17,17,0,0,0,0,0,0,0,0,0,0,3,100,1,2000,100,500,100,500,,
170,7,1,0,1,8500,1,5,10,5,17,17,0,0,0,0,0,0,0,0,0,0,3,100,1,2000,100,500,100,500,,
171,7,0,0,1,8550,1,5,10,5,17,17,0,0,0,0,0,0,0,0,0,0,3,100,1,2000,100,500,100,500,,
172,7,1,0,1,8600,1,5,10,5,17,17,0,0,0,0,0,0,0,0,0,0,3,100,1,2000,100,500,100,500,,
173,7,0,0,1,8650,1,5,10,5,17,17,0,0,0,0,0,0,0,0,0,0,3,100,1,2000,100,500,100,500,,
174,7,1,0,1,8700,1,5,10,5,17,17,0,0,0,0,0,0,0,0,0,0,3,100,1,2000,100,500,100,500,,
175,7,0,0,1,8750,1,5,10,5,18,18,0,0,0,0,0,0,0,0,0,0,3,100,1,2000,100,500,100,500,,
176,7,1,0,1,8800,1,5,10,5,18,18,0,0,0,0,0,0,0,0,0,0,3,100,1,2000,100,500,100,500,,
177,7,0,0,1,8850,1,5,10,5,18,18,0,0,0,0,0,0,0,0,0,0,3,100,1,2000,100,500,100,500,,
178,7,1,0,1,8900,1,5,10,5,18,18,0,0,0,0,0,0,0,0,0,0,3,100,1,2000,100,500,100,500,,
179,7,0,0,1,8950,1,5,10,5,18,18,0,0,0,0,0,0,0,0,0,0,3,100,1,2000,100,500,100,500,,
180,7,1,0,1,9000,1,5,10,5,18,18,0,0,0,0,0,0,0,0,0,0,3,100,1,2000,100,500,100,500,,
181,7,0,0,1,9050,1,5,10,5,18,18,0,0,0,0,0,0,0,0,0,0,3,100,1,2000,100,500,100,500,,
182,7,1,0,1,9100,1,5,10,5,18,18,0,0,0,0,0,0,0,0,0,0,3,100,1,2000,100,500,100,500,,
183,7,0,0,1,9150,1,5,10,5,18,18,0,0,0,0,0,0,0,0,0,0,3,100,1,2000,100,500,100,500,,
184,7,1,0,1,9200,1,5,10,5,18,18,0,0,0,0,0,0,0,0,0,0,3,100,1,2000,100,500,100,500,,
185,7,0,0,1,9250,1,5,10,5,19,19,0,0,0,0,0,0,0,0,0,0,3,100,1,2000,100,500,100,500,,
186,7,1,0,1,9300,1,5,10,5,19,19,0,0,0,0,0,0,0,0,0,0,3,100,1,2000,100,500,100,500,,
187,7,2,0,1,9350,1,5,10,5,19,19,0,0,0,0,0,0,0,0,0,0,3,100,1,2000,100,500,100,500,,
188,7,0,0,1,9400,1,5,10,5,19,19,0,0,0,0,0,0,0,0,0,0,3,100,1,2000,100,500,100,500,,
189,7,1,0,1,9450,1,5,10,5,19,19,0,0,0,0,0,0,0,0,0,0,3,100,1,2000,100,500,100,500,,
190,7,2,0,1,9500,1,5,10,5,19,19,0,0,0,0,0,0,0,0,0,0,3,100,1,2000,100,500,100,500,,
191,7,3,0,1,9550,1,5,10,5,19,19,0,0,0,0,0,0,0,0,0,0,3,100,1,2000,100,500,100,500,,
192,7,0,0,1,9600,1,5,10,5,19,19,0,0,0,0,0,0,0,0,0,0,3,100,1,2000,100,500,100,500,,
193,7,1,0,1,9650,1,5,10,5,19,19,0,0,0,0,0,0,0,0,0,0,3,100,1,2000,100,500,100,500,,
194,7,2,0,1,9700,1,5,10,5,19,19,0,0,0,0,0,0,0,0,0,0,3,100,1,2000,100,500,100,500,,
195,7,3,0,1,9750,1,5,10,5,20,20,0,0,0,0,0,0,0,0,0,0,3,100,1,2000,100,500,100,500,,
196,7,0,0,1,9800,1,5,10,5,20,20,0,0,0,0,0,0,0,0,0,0,3,100,1,2000,100,500,100,500,,
197,7,1,0,1,9850,1,5,10,5,20,20,0,0,0,0,0,0,0,0,0,0,3,100,1,2000,100,500,100,500,,
198,7,2,0,1,9900,1,5,10,5,20,20,0,0,0,0,0,0,0,0,0,0,3,100,1,2000,100,500,100,500,,
199,7,3,0,1,9950,1,5,10,5,20,20,0,0,0,0,0,0,0,0,0,0,3,100,1,2000,100,500,100,500,,
200,7,0,0,1,10000,1,5,10,5,20,20,0,0,0,0,0,0,0,0,0,0,3,100,1,2000,100,500,100,500,,
201,7,1,0,1,10050,1,5,10,5,20,20,0,0,0,0,0,0,0,0,0,0,3,100,1,2000,100,500,100,500,,
202,7,2,0,1,10100,1,5,10,5,20,20,0,0,0,0,0,0,0,0,0,0,3,100,1,2000,100,500,100,500,,
203,7,3,0,1,10150,1,5,10,5,20,20,0,0,0,0,0,0,0,0,0,0,3,100,1,2000,100,500,100,500,,
204,7,0,0,1,10200,1,5,10,5,20,20,0,0,0,0,0,0,0,0,0,0,3,100,1,2000,100,500,100,500,,
205,7,1,0,1,10250,1,5,10,5,21,21,0,0,0,0,0,0,0,0,0,0,3,100,1,2000,100,500,100,500,,
206,7,2,0,1,10300,1,5,10,5,21,21,0,0,0,0,0,0,0,0,0,0,3,100,1,2000,100,500,100,500,,
207,7,3,0,1,10350,1,5,10,5,21,21,0,0,0,0,0,0,0,0,0,0,3,100,1,2000,100,500,100,500,,
208,7,0,0,1,10400,1,5,10,5,21,21,0,0,0,0,0,0,0,0,0,0,3,100,1,2000,100,500,100,500,,
209,7,1,0,1,10450,1,5,10,5,21,21,0,0,0,0,0,0,0,0,0,0,3,100,1,2000,100,500,100,500,,
210,7,2,0,1,10500,1,5,10,5,21,21,0,0,0,0,0,0,0,0,0,0,3,100,1,2000,100,500,100,500,,
211,7,3,0,1,10550,1,5,10,5,21,21,0,0,0,0,0,0,0,0,0,0,3,100,1,2000,100,500,100,500,,
212,7,0,0,1,10600,1,5,10,5,21,21,0,0,0,0,0,0,0,0,0,0,3,100,1,2000,100,500,100,500,,
213,7,1,0,1,10650,1,5,10,5,21,21,0,0,0,0,0,0,0,0,0,0,3,100,1,2000,100,500,100,500,,
214,7,2,0,1,10700,1,5,10,5,21,21,0,0,0,0,0,0,0,0,0,0,3,100,1,2000,100,500,100,500,,
215,7,3,0,1,10750,1,5,10,5,22,22,0,0,0,0,0,0,0,0,0,0,3,100,1,2000,100,500,100,500,,
216,7,0,0,1,10800,1,5,10,5,22,22,0,0,0,0,0,0,0,0,0,0,3,100,1,2000,100,500,100,500,,
217,7,1,0,1,10850,1,5,10,5,22,22,0,0,0,0,0,0,0,0,0,0,3,100,1,2000,100,500,100,500,,
218,7,0,0,1,10900,1,5,10,5,22,22,0,0,0,0,0,0,0,0,0,0,3,100,1,2000,100,500,100,500,,
219,7,1,0,1,10950,1,5,10,5,22,22,0,0,0,0,0,0,0,0,0,0,3,100,1,2000,100,500,100,500,,
220,7,0,0,1,11000,1,5,10,5,22,22,0,0,0,0,0,0,0,0,0,0,3,100,1,2000,100,500,100,500,,
221,7,1,0,1,11050,1,5,10,5,22,22,0,0,0,0,0,0,0,0,0,0,3,100,1,2000,100,500,100,500,,
222,7,0,0,1,11100,1,5,10,5,22,22,0,0,0,0,0,0,0,0,0,0,3,100,1,2000,100,500,100,500,,
223,7,1,0,1,11150,1,5,10,5,22,22,0,0,0,0,0,0,0,0,0,0,3,100,1,2000,100,500,100,500,,
224,7,2,0,1,11200,1,5,10,5,22,22,0,0,0,0,0,0,0,0,0,0,3,100,1,2000,100,500,100,500,,
225,7,0,0,1,11250,1,5,10,5,23,23,0,0,0,0,0,0,0,0,0,0,3,100,1,2000,100,500,100,500,,
226,7,1,0,1,11300,1,5,10,5,23,23,0,0,0,0,0,0,0,0,0,0,3,100,1,2000,100,500,100,500,,
227,7,2,0,1,11350,1,5,10,5,23,23,0,0,0,0,0,0,0,0,0,0,3,100,1,2000,100,500,100,500,,
